"Sample (Male/Female/Unknown)","Genotype (forward strand)","Population(s)","Father","Mother"
"HG03052 (F)","A|G","AFR, ALL, MSL","-","-"
"HG03054 (M)","A|G","AFR, ALL, MSL","-","-"
"HG03055 (F)","A|G","AFR, ALL, MSL","-","-"
"HG03057 (M)","A|A","AFR, ALL, MSL","-","-"
"HG03058 (F)","G|A","AFR, ALL, MSL","-","-"
"HG03060 (M)","A|A","AFR, ALL, MSL","-","-"
"HG03061 (F)","G|A","AFR, ALL, MSL","-","-"
"HG03063 (M)","G|A","AFR, ALL, MSL","-","-"
"HG03064 (F)","A|A","AFR, ALL, MSL","-","-"
"HG03066 (M)","A|G","AFR, ALL, MSL","-","-"
"HG03069 (M)","A|G","AFR, ALL, MSL","-","-"
"HG03072 (M)","A|G","AFR, ALL, MSL","-","-"
"HG03073 (F)","G|A","AFR, ALL, MSL","-","-"
"HG03074 (M)","G|G","AFR, ALL, MSL","-","-"
"HG03077 (M)","G|A","AFR, ALL, MSL","-","-"
"HG03078 (M)","G|G","AFR, ALL, MSL","-","-"
"HG03079 (F)","G|G","AFR, ALL, MSL","-","-"
"HG03081 (M)","A|G","AFR, ALL, MSL","-","-"
"HG03082 (F)","G|G","AFR, ALL, MSL","-","-"
"HG03084 (M)","G|G","AFR, ALL, MSL","-","-"
"HG03085 (F)","G|G","AFR, ALL, MSL","-","-"
"HG03086 (F)","G|G","AFR, ALL, MSL","-","-"
"HG03088 (F)","G|G","AFR, ALL, MSL","-","-"
"HG03091 (F)","G|A","AFR, ALL, MSL","-","-"
"HG03095 (F)","G|A","AFR, ALL, MSL","-","-"
"HG03096 (M)","G|G","AFR, ALL, MSL","-","-"
"HG03097 (F)","G|G","AFR, ALL, MSL","-","-"
"HG03209 (M)","A|A","AFR, ALL, MSL","-","-"
"HG03212 (F)","A|G","AFR, ALL, MSL","-","-"
"HG03224 (M)","G|G","AFR, ALL, MSL","-","-"
"HG03225 (M)","G|G","AFR, ALL, MSL","-","-"
"HG03376 (M)","G|G","AFR, ALL, MSL","-","-"
"HG03378 (F)","G|A","AFR, ALL, MSL","-","-"
"HG03380 (F)","G|A","AFR, ALL, MSL","-","-"
"HG03382 (M)","G|A","AFR, ALL, MSL","-","-"
"HG03385 (M)","A|A","AFR, ALL, MSL","-","-"
"HG03388 (M)","G|A","AFR, ALL, MSL","-","-"
"HG03391 (M)","A|A","AFR, ALL, MSL","-","-"
"HG03394 (M)","A|G","AFR, ALL, MSL","-","-"
"HG03397 (M)","G|G","AFR, ALL, MSL","-","-"
"HG03401 (F)","G|A","AFR, ALL, MSL","-","-"
"HG03410 (F)","A|G","AFR, ALL, MSL","-","-"
"HG03419 (F)","G|G","AFR, ALL, MSL","-","-"
"HG03428 (F)","G|G","AFR, ALL, MSL","-","-"
"HG03432 (M)","G|G","AFR, ALL, MSL","-","-"
"HG03433 (M)","G|G","AFR, ALL, MSL","-","-"
"HG03436 (M)","G|G","AFR, ALL, MSL","-","-"
"HG03437 (F)","A|A","AFR, ALL, MSL","-","-"
"HG03439 (M)","A|G","AFR, ALL, MSL","-","-"
"HG03442 (M)","G|G","AFR, ALL, MSL","-","-"
"HG03445 (M)","G|G","AFR, ALL, MSL","-","-"
"HG03446 (F)","G|A","AFR, ALL, MSL","-","-"
"HG03449 (F)","A|A","AFR, ALL, MSL","-","-"
"HG03451 (M)","A|G","AFR, ALL, MSL","-","-"
"HG03452 (F)","A|G","AFR, ALL, MSL","-","-"
"HG03455 (F)","A|A","AFR, ALL, MSL","-","-"
"HG03457 (M)","G|G","AFR, ALL, MSL","-","-"
"HG03458 (F)","A|G","AFR, ALL, MSL","-","-"
"HG03460 (M)","A|A","AFR, ALL, MSL","-","-"
"HG03461 (F)","A|G","AFR, ALL, MSL","-","-"
"HG03464 (F)","A|G","AFR, ALL, MSL","-","-"
"HG03469 (M)","A|A","AFR, ALL, MSL","-","-"
"HG03470 (F)","G|G","AFR, ALL, MSL","-","-"
"HG03472 (M)","A|G","AFR, ALL, MSL","-","-"
"HG03473 (F)","G|A","AFR, ALL, MSL","-","-"
"HG03476 (F)","G|A","AFR, ALL, MSL","-","-"
"HG03478 (M)","A|G","AFR, ALL, MSL","-","-"
"HG03479 (F)","A|A","AFR, ALL, MSL","-","-"
"HG03484 (M)","G|G","AFR, ALL, MSL","-","-"
"HG03485 (F)","G|G","AFR, ALL, MSL","-","-"
"HG03547 (M)","G|G","AFR, ALL, MSL","-","-"
"HG03548 (F)","G|A","AFR, ALL, MSL","-","-"
"HG03556 (M)","G|A","AFR, ALL, MSL","-","-"
"HG03557 (F)","A|A","AFR, ALL, MSL","-","-"
"HG03558 (F)","G|A","AFR, ALL, MSL","-","-"
"HG03559 (M)","G|G","AFR, ALL, MSL","-","-"
"HG03563 (F)","G|A","AFR, ALL, MSL","-","-"
"HG03565 (M)","A|A","AFR, ALL, MSL","-","-"
"HG03567 (F)","G|G","AFR, ALL, MSL","-","-"
"HG03571 (M)","A|A","AFR, ALL, MSL","-","-"
"HG03572 (F)","G|A","AFR, ALL, MSL","-","-"
"HG03575 (F)","G|A","AFR, ALL, MSL","-","-"
"HG03577 (M)","G|A","AFR, ALL, MSL","-","-"
"HG03578 (F)","A|A","AFR, ALL, MSL","-","-"
"HG03583 (F)","G|G","AFR, ALL, MSL","-","-"
